DROP TABLE IF EXISTS "Account";
CREATE TABLE `Account` (`accountID` INTEGER PRIMARY KEY ,`accountPrivilegeID` INTEGER,`firstName` VARCHAR DEFAULT (null) ,`account` VARCHAR,`pass` VARCHAR,`operatorNo` VARCHAR,`accountPhoto` VARCHAR, `lastName` VARCHAR, `sync` BOOL DEFAULT true, `phoneID` INTEGER);
INSERT INTO "Account" VALUES(1,1,'2','13888888888','7C4A8D09CA3762AF61E59520943DC26494F8941B','1',NULL,'Test','true',3);
DROP TABLE IF EXISTS "AccountPrivilege";
CREATE TABLE `AccountPrivilege` (`accountPrivilegeID` INTEGER primary key, `name` VARCHAR, `value` INTEGER );
DROP TABLE IF EXISTS "Address";
CREATE TABLE `Address` (`addressID` INTEGER primary key autoincrement, `addressInfo` VARCHAR, `longitude` INTEGER ,`latitude` INTEGER);
DROP TABLE IF EXISTS "BankCard";
CREATE TABLE `BankCard` (`bankCardId` INTEGER primary key autoincrement, `bankCardNo` VARCHAR, `validThrough` VARCHAR, `cardOwnerName` VARCHAR );
DROP TABLE IF EXISTS "Onsale";
CREATE TABLE `Onsale` (`onsaleID` INTEGER primary key autoincrement, `onsaleType` INTEGER, `onsaleName` VARCHAR, `value` VARCHAR , `enable` INTEGER, `syncFlag` INTEGER);
DROP TABLE IF EXISTS "OrderContent";
CREATE TABLE `OrderContent` (`orderContentID` INTEGER primary key autoincrement, `productID` INTEGER, `orderID` INTEGER, `count` INTEGER, `price` VARCHAR);
DROP TABLE IF EXISTS "OrderContentRemark";
CREATE TABLE `OrderContentRemark` (`orderContentID` INTEGER , `remark` VARCHAR );
DROP TABLE IF EXISTS "OrderContentToAttribute";
CREATE TABLE `OrderContentToAttribute` (`orderContentID` INTEGER, `productSubAttributeId` INTEGER, `price` VARCHAR);
DROP TABLE IF EXISTS "OrderContentToOnsale";
CREATE TABLE `OrderContentToOnsale` (`orderContentID` INTEGER , `onsaleID` INTEGER, `value` VARCHAR );
DROP TABLE IF EXISTS "OrderCustomerInfo";
CREATE TABLE `OrderCustomerInfo` (`orderProcessId` INTEGER primary key, `bankCardId` INTEGER, `signature` VARCHAR, `telephoneNo` VARCHAR, `emailInfo` VARCHAR );
DROP TABLE IF EXISTS "OrderProcess";
CREATE TABLE `OrderProcess` (`orderProcessId` INTEGER primary key autoincrement, `OrderProcessModeId` INTEGER, `orderID` INTEGER, `addressID` INTEGER , `createTime` VARCHAR , `traceNo` VARCHAR,  `referenceNo` VARCHAR, `authorizationNo` VARCHAR, `clearingDate` VARCHAR, `ackNo` VARCHAR, `price` VARCHAR, `issuerbankid` VARCHAR, `acqbank` VARCHAR, `batchid` VARCHAR);
DROP TABLE IF EXISTS "OrderProcessMode";
CREATE TABLE `OrderProcessMode` (`OrderProcessModeId` INTEGER primary key autoincrement, `name` VARCHAR, `value` INTEGER);
DROP TABLE IF EXISTS "OrderRemark";
CREATE TABLE `OrderRemark` (`orderID` INTEGER , `remark` VARCHAR , `sitindex` VARCHAR);
DROP TABLE IF EXISTS "OrderStatus";
CREATE TABLE `OrderStatus` (`orderStatusID` INTEGER primary key, `name` VARCHAR, `value` INTEGER);
DROP TABLE IF EXISTS "OrderToAccount";
CREATE TABLE `OrderToAccount` (`orderID` INTEGER PRIMARY KEY  NOT NULL  UNIQUE , `accountName` VARCHAR);
DROP TABLE IF EXISTS "OrderToOnsale";
CREATE TABLE `OrderToOnsale` (`orderID` INTEGER,`onsaleID` INTEGER, `value` VARCHAR );
DROP TABLE IF EXISTS "Orders";
CREATE TABLE `Orders` (`orderID` INTEGER PRIMARY KEY autoincrement, `billNo` VARCHAR ,`orderStatusID` INTEGER, `createTime` INTEGER , `modifyTime` INTEGER , `syncFlag` INTEGER);
DROP TABLE IF EXISTS "OrdersToPaymentType";
CREATE TABLE `OrdersToPaymentType` (`orderID` INTEGER primary key, `paymentTypeID` INTEGER, `amount` VARCHAR);
DROP TABLE IF EXISTS "PaymentType";
CREATE TABLE `PaymentType` (`paymentTypeID` INTEGER primary key autoincrement, `name` VARCHAR , `value` VARCHAR);
DROP TABLE IF EXISTS "Product";
CREATE TABLE `Product` (`productID` INTEGER primary key, `name` VARCHAR, `productPhoto` VARCHAR, `price` VARCHAR, `productCategoryID` INTEGER, `enable` INTEGER, "syncFlag" INTEGER DEFAULT 0);
INSERT INTO "Product" VALUES(1,'Green Milk Tea','9110E9054C2B65580B894652E7747EF6.jpg','6',1,1,0);
INSERT INTO "Product" VALUES(2,'Enlish Milk Tea','9110E9054C2B65580B894652E7747EF6.jpg','6',1,1,0);
INSERT INTO "Product" VALUES(3,'Pearl Milk Tea','00B0DE7126F3DC73FA26F2E49850A519.jpg','7',1,1,0);
INSERT INTO "Product" VALUES(4,'Chocolate Milk Tea','AF1E4BCAD6BCFC40753CBAA1AB1A2D62.jpg','7',1,1,0);
INSERT INTO "Product" VALUES(5,'Coconut Milk Tea','3882F72B6167CE0F40F3BBD6E037F6EF.jpg','7',1,1,0);
INSERT INTO "Product" VALUES(6,'Pudding Milk Tea','643F5077334D0B65E3C42A627825599C.jpg','7',1,1,0);
INSERT INTO "Product" VALUES(7,'Red Bean Milk Tea','8E8F3B7F35841B0A91AAAA29B2157267.jpg','7',1,1,0);
INSERT INTO "Product" VALUES(8,'Caramel Milk Tea','392600C5C6565DEB3E5FCB3DB1D96844.jpg','7',1,1,0);
INSERT INTO "Product" VALUES(9,'Peanut Milk Tea','62D00414C28BBD4960C9A83198602316.jpg','7',1,1,0);
INSERT INTO "Product" VALUES(10,'Strawberry Milk Tea','BC775457B91B43F4E3A99DAB758F7118.JPG','8',1,1,0);
INSERT INTO "Product" VALUES(11,'HK Milk Tea','CC62381B3DC6D3D323A975860349886A.JPG','10',1,1,0);
INSERT INTO "Product" VALUES(12,'Rose Milk Tea','F163E18F941E222082B1BB4EA39E28CE.JPG','8',1,1,0);
INSERT INTO "Product" VALUES(13,'Banana Milk Juice','CEADD8C1D48199EE9566DD4BCD6159B9.JPG','9',2,1,1);
INSERT INTO "Product" VALUES(14,'Papaya Milk Juice','3D5C517BD4CAE0AA3763F09B14F80371.jpg','10',2,1,1);
INSERT INTO "Product" VALUES(15,'Water-Melon Juice','B5530A0746CEBE13877352A582628010.jpg','10',2,1,1);
INSERT INTO "Product" VALUES(16,'Strawberry Juice','2AF6A54F26F27BBDDE3E0321447066F7.jpg','5',3,1,0);
INSERT INTO "Product" VALUES(17,'Pear Juice','B821422683F17E976853860D5FF734C5.JPG','5',3,1,0);
INSERT INTO "Product" VALUES(18,'Apple Juice','DEB9190B3FE6410B1295DF60F5D2696E.JPG','7',3,1,0);
INSERT INTO "Product" VALUES(19,'Orange Juice','6C42F70BB444DCE3ABED47DCFED0CC6B.JPG','7',3,1,0);
INSERT INTO "Product" VALUES(20,'Blue Mountain Coffee','D774F4273B5140C488D322E7D01798E1.JPG','7',3,1,0);
INSERT INTO "Product" VALUES(21,'Italian Coffee','BB2D376D6A7F5822DECA89E1813C14E5.jpg','7',3,1,0);
INSERT INTO "Product" VALUES(22,'Coffee Latte','482C2023A89BF65B32A320C22EBE9022.jpg','8',3,1,0);
INSERT INTO "Product" VALUES(23,'Iced Coffee','19A22C28658F32B3971D63786001F384.JPG','8',3,1,0);
INSERT INTO "Product" VALUES(24,'Iced Mint Coffee','1C57417899A500D81A6A3056FEB3F368.JPG','10',3,1,0);
INSERT INTO "Product" VALUES(25,'Iced Cappuccino','0498501B316C28A2B419805158489088.jpg','6',4,1,0);
INSERT INTO "Product" VALUES(26,'Iced Vanilla Cappuccino','EA043CCD11DC628447353A1615C8A20F.JPG','6',4,1,0);
INSERT INTO "Product" VALUES(27,'Chocolate Coffee','4AE7BADDCBE0F0D45660CBE2CB83C247.jpg','8',4,1,0);
INSERT INTO "Product" VALUES(28,'Rose Lady Coffee','63B0C4D0A0A0AB7EB9A9EC05C683FD57.jpg','8',4,1,0);
INSERT INTO "Product" VALUES(29,'Brazil Coffee','3A9AF6A888B0F448404D689C75931A28.jpg','9',4,1,0);
INSERT INTO "Product" VALUES(30,'Irish Coffee','C5590F424B89CB16CBF76B0195026F7D.jpg','8',4,1,0);
INSERT INTO "Product" VALUES(31,'Happy Pair Coffee','8852C56E408BEFFC65D675AF9D8F8A1D.jpg','9',4,1,0);
INSERT INTO "Product" VALUES(32,'Coconut Coffee','F639888AAD40D96CDF7CCB46587F6D0F.jpg','10',4,1,0);
INSERT INTO "Product" VALUES(33,'Chocolate Milk Shake','0640C8087421C23C8B104B9179B37B9C.JPG','12',4,1,0);
INSERT INTO "Product" VALUES(34,'Strawberry Milk Shake','2C89299A1A86EEAAC5991F1F5C8A6EAA.JPG','3',5,1,1);
INSERT INTO "Product" VALUES(35,'Orange Milk Shake','2C89299A1A86EEAAC5991F1F5C8A6EAA.JPG','6',5,1,1);
INSERT INTO "Product" VALUES(36,'Banana Milk Shake','646F4D1A42D93BB8F8DE3EC3A82C37A4.JPG','4',5,1,1);
INSERT INTO "Product" VALUES(37,'Hami-melon Milk Shake','AE3563F9500F2AF4B0BE501EAB6EDE73.JPG','3',5,1,1);
INSERT INTO "Product" VALUES(38,'Coconut Milk Shake','2688B4D779B4C38295CBE49CE2C9BB4F.JPG','2.5',5,1,1);
INSERT INTO "Product" VALUES(39,'Papaya Milk Shake','E28455EB44B14507D75FFC91DA988442.JPG','2',5,1,1);
INSERT INTO "Product" VALUES(40,'Milk Shake','E28455EB44B14507D75FFC91DA988442.JPG','2',5,1,1);
INSERT INTO "Product" VALUES(41,'Rose Tea','F7958A6BF3678EF605727CD5D510BA4D.JPG','1.5',5,1,1);
INSERT INTO "Product" VALUES(42,'Lemon Tea','517F88CBE231F8D2E6B4FB50A693B56C.JPG','1.5',5,1,1);
INSERT INTO "Product" VALUES(43,'Peppermint Tea','67EF1DCAABE513407D2D53550AFD9B89.JPG','2',5,1,1);
INSERT INTO "Product" VALUES(44,'Grapefruit Tea','746F7F13AABEBC14E85301DAA6DA6FC2.JPG','2',5,1,1);
INSERT INTO "Product" VALUES(45,'Black Tea','646F4D1A42D93BB8F8DE3EC3A82C37A4.JPG','8',6,1,1);
INSERT INTO "Product" VALUES(46,'Russian Black Tea','646F4D1A42D93BB8F8DE3EC3A82C37A4.JPG','10',6,1,1);
DROP TABLE IF EXISTS "ProductAttribute";
CREATE TABLE "ProductAttribute" ("productAttributeID" INTEGER PRIMARY KEY ,"name" VARCHAR,"choiceType" INTEGER , "defaultChoice" INTEGER , `enable` INTEGER, "syncFlag" INTEGER DEFAULT 0);
INSERT INTO "ProductAttribute" VALUES(1,'Hot or Cold',0,1,1,1);
INSERT INTO "ProductAttribute" VALUES(2,'Sweet Degree',0,6,1,1);
INSERT INTO "ProductAttribute" VALUES(3,'Added Ingredient',1,10,1,1);
INSERT INTO "ProductAttribute" VALUES(4,'Ice',0,16,1,1);
DROP TABLE IF EXISTS "ProductCategory";
CREATE TABLE `ProductCategory` (`productCategoryID` INTEGER primary key not null, `name` VARCHAR , `enable` INTEGER, "syncFlag" INTEGER DEFAULT 0);
INSERT INTO "ProductCategory" VALUES(1,'Milk Tea Serie',1,0);
INSERT INTO "ProductCategory" VALUES(2,'Juice Serie',1,1);
INSERT INTO "ProductCategory" VALUES(3,'Coffee Serie',1,0);
INSERT INTO "ProductCategory" VALUES(4,'Milk Shake Serie',1,0);
INSERT INTO "ProductCategory" VALUES(5,'Tea Serie',1,1);
INSERT INTO "ProductCategory" VALUES(6,'Mixed Drink',1,1);
DROP TABLE IF EXISTS "ProductPinyin";
CREATE TABLE `ProductPinyin`  (`productId` INTEGER primary key , `productCategoryID` INTEGER ,`productName` VARCHAR, `firstChar` VARCHAR,`firstCharStr` VARCHAR, `allStr` VARCHAR, `enable` INTEGER );
INSERT INTO "ProductPinyin" VALUES(1,1,'Green Milk Tea','M',NULL,NULL,1);
INSERT INTO "ProductPinyin" VALUES(2,1,'Enlish Milk Tea','Y',NULL,NULL,1);
INSERT INTO "ProductPinyin" VALUES(3,1,'Pearl Milk Tea','Z',NULL,NULL,1);
INSERT INTO "ProductPinyin" VALUES(4,1,'Chocolate Milk Tea','P',NULL,NULL,1);
INSERT INTO "ProductPinyin" VALUES(5,1,'Coconut Milk Tea','Y',NULL,NULL,1);
INSERT INTO "ProductPinyin" VALUES(6,1,'Pudding Milk Tea','B',NULL,NULL,1);
INSERT INTO "ProductPinyin" VALUES(7,1,'Red Bean Milk Tea','H',NULL,NULL,1);
INSERT INTO "ProductPinyin" VALUES(8,1,'Caramel Milk Tea','J',NULL,NULL,1);
INSERT INTO "ProductPinyin" VALUES(9,1,'Peanut Milk Tea','X',NULL,NULL,1);
INSERT INTO "ProductPinyin" VALUES(10,1,'Strawberry Milk Tea','S',NULL,NULL,1);
INSERT INTO "ProductPinyin" VALUES(11,1,'HK Milk Tea','Z',NULL,NULL,1);
INSERT INTO "ProductPinyin" VALUES(12,1,'Rose Milk Tea','Y',NULL,NULL,1);
INSERT INTO "ProductPinyin" VALUES(13,2,'Banana Milk Juice','M',NULL,NULL,1);
INSERT INTO "ProductPinyin" VALUES(14,2,'Papaya Milk Juice','M',NULL,NULL,1);
INSERT INTO "ProductPinyin" VALUES(15,2,'Water-Melon Juice','M',NULL,NULL,1);
INSERT INTO "ProductPinyin" VALUES(16,3,'Strawberry Juice','M',NULL,NULL,1);
INSERT INTO "ProductPinyin" VALUES(17,3,'Pear Juice','X',NULL,NULL,1);
INSERT INTO "ProductPinyin" VALUES(18,3,'Apple Juice','J',NULL,NULL,1);
INSERT INTO "ProductPinyin" VALUES(19,3,'Orange Juice','J',NULL,NULL,1);
INSERT INTO "ProductPinyin" VALUES(20,3,'Blue Mountain Coffee','C',NULL,NULL,1);
INSERT INTO "ProductPinyin" VALUES(21,3,'Italian Coffee','M',NULL,NULL,1);
INSERT INTO "ProductPinyin" VALUES(22,3,'Coffee Latte','H',NULL,NULL,1);
INSERT INTO "ProductPinyin" VALUES(23,3,'Iced Coffee','L',NULL,NULL,1);
INSERT INTO "ProductPinyin" VALUES(24,3,'Iced Mint Coffee','S',NULL,NULL,1);
INSERT INTO "ProductPinyin" VALUES(25,4,'Iced Cappuccino','X',NULL,NULL,1);
INSERT INTO "ProductPinyin" VALUES(26,4,'Iced Vanilla Cappuccino','X',NULL,NULL,1);
INSERT INTO "ProductPinyin" VALUES(27,4,'Chocolate Coffee','Y',NULL,NULL,1);
INSERT INTO "ProductPinyin" VALUES(28,4,'Rose Lady Coffee','L',NULL,NULL,1);
INSERT INTO "ProductPinyin" VALUES(29,4,'Brazil Coffee','B',NULL,NULL,1);
INSERT INTO "ProductPinyin" VALUES(30,4,'Irish Coffee','B',NULL,NULL,1);
INSERT INTO "ProductPinyin" VALUES(31,4,'Happy Pair Coffee','C',NULL,NULL,1);
INSERT INTO "ProductPinyin" VALUES(32,4,'Coconut Coffee','C',NULL,NULL,1);
INSERT INTO "ProductPinyin" VALUES(33,4,'Chocolate Milk Shake','X',NULL,NULL,1);
INSERT INTO "ProductPinyin" VALUES(34,5,'Strawberry Milk Shake','D',NULL,NULL,1);
INSERT INTO "ProductPinyin" VALUES(35,5,'Orange Milk Shake','D',NULL,NULL,1);
INSERT INTO "ProductPinyin" VALUES(36,5,'Banana Milk Shake','X',NULL,NULL,1);
INSERT INTO "ProductPinyin" VALUES(37,5,'Hami-melon Milk Shake','X',NULL,NULL,1);
INSERT INTO "ProductPinyin" VALUES(38,5,'Coconut Milk Shake','S',NULL,NULL,1);
INSERT INTO "ProductPinyin" VALUES(39,5,'Papaya Milk Shake','X',NULL,NULL,1);
INSERT INTO "ProductPinyin" VALUES(40,5,'Milk Shake','X',NULL,NULL,1);
INSERT INTO "ProductPinyin" VALUES(41,5,'Rose Tea','D',NULL,NULL,1);
INSERT INTO "ProductPinyin" VALUES(42,5,'Lemon Tea','Q',NULL,NULL,1);
INSERT INTO "ProductPinyin" VALUES(43,5,'Peppermint Tea','M',NULL,NULL,1);
INSERT INTO "ProductPinyin" VALUES(44,5,'Grapefruit Tea','L',NULL,NULL,1);
INSERT INTO "ProductPinyin" VALUES(45,6,'Black Tea','M',NULL,NULL,1);
INSERT INTO "ProductPinyin" VALUES(46,6,'Russian Black Tea','J',NULL,NULL,1);
DROP TABLE IF EXISTS "ProductSubAttribute";
CREATE TABLE `ProductSubAttribute` (`productSubAttributeId` INTEGER primary key not null, `productAttributeID` INTEGER, `name` VARCHAR, `priceAffect` VARCHAR, `enable` INTEGER, "syncFlag" INTEGER DEFAULT 0);
INSERT INTO "ProductSubAttribute" VALUES(1,1,'Iced','0',1,1);
INSERT INTO "ProductSubAttribute" VALUES(2,1,'Without Ice','0',1,1);
INSERT INTO "ProductSubAttribute" VALUES(3,1,'Less Ice','0',1,1);
INSERT INTO "ProductSubAttribute" VALUES(4,1,'Normal Temperature','0',1,1);
INSERT INTO "ProductSubAttribute" VALUES(5,1,'Warm','0',1,1);
INSERT INTO "ProductSubAttribute" VALUES(6,2,'Without Sugar','0',1,1);
INSERT INTO "ProductSubAttribute" VALUES(7,2,'Little Sugar','0',1,1);
INSERT INTO "ProductSubAttribute" VALUES(8,2,'Half Sugar','0',1,1);
INSERT INTO "ProductSubAttribute" VALUES(9,2,'Full Sugar','0',1,1);
INSERT INTO "ProductSubAttribute" VALUES(10,3,'Without','0',1,0);
INSERT INTO "ProductSubAttribute" VALUES(11,3,'Pearl','1',1,0);
INSERT INTO "ProductSubAttribute" VALUES(12,3,'Coconut','1',1,0);
INSERT INTO "ProductSubAttribute" VALUES(13,3,'Grass Jelly','2',1,0);
INSERT INTO "ProductSubAttribute" VALUES(14,3,'Pudding','2',1,0);
INSERT INTO "ProductSubAttribute" VALUES(15,3,'Red Bean','2',1,0);
INSERT INTO "ProductSubAttribute" VALUES(16,4,'Iced','0',1,1);
INSERT INTO "ProductSubAttribute" VALUES(17,4,'Without Ice','0',1,1);
INSERT INTO "ProductSubAttribute" VALUES(18,4,'Less Ice','0',1,1);
DROP TABLE IF EXISTS "ProductToAttribute";
CREATE TABLE `ProductToAttribute` (`productID` INTEGER , `productAttributeID` VARCHAR , `enable` INTEGER);
INSERT INTO "ProductToAttribute" VALUES(1,'4',1);
INSERT INTO "ProductToAttribute" VALUES(2,'4',1);
INSERT INTO "ProductToAttribute" VALUES(3,'4',1);
INSERT INTO "ProductToAttribute" VALUES(4,'4',1);
INSERT INTO "ProductToAttribute" VALUES(5,'4',1);
INSERT INTO "ProductToAttribute" VALUES(6,'4',1);
INSERT INTO "ProductToAttribute" VALUES(7,'4',1);
INSERT INTO "ProductToAttribute" VALUES(8,'4',1);
INSERT INTO "ProductToAttribute" VALUES(9,'4',1);
INSERT INTO "ProductToAttribute" VALUES(10,'4',1);
INSERT INTO "ProductToAttribute" VALUES(11,'4',1);
INSERT INTO "ProductToAttribute" VALUES(12,'4',1);
INSERT INTO "ProductToAttribute" VALUES(1,'3',1);
INSERT INTO "ProductToAttribute" VALUES(2,'3',1);
INSERT INTO "ProductToAttribute" VALUES(3,'3',1);
INSERT INTO "ProductToAttribute" VALUES(4,'3',1);
INSERT INTO "ProductToAttribute" VALUES(5,'3',1);
INSERT INTO "ProductToAttribute" VALUES(6,'3',1);
INSERT INTO "ProductToAttribute" VALUES(7,'3',1);
INSERT INTO "ProductToAttribute" VALUES(8,'3',1);
INSERT INTO "ProductToAttribute" VALUES(9,'3',1);
INSERT INTO "ProductToAttribute" VALUES(10,'3',1);
INSERT INTO "ProductToAttribute" VALUES(11,'3',1);
INSERT INTO "ProductToAttribute" VALUES(12,'3',1);
INSERT INTO "ProductToAttribute" VALUES(1,'1',1);
INSERT INTO "ProductToAttribute" VALUES(2,'1',1);
INSERT INTO "ProductToAttribute" VALUES(3,'1',1);
INSERT INTO "ProductToAttribute" VALUES(4,'1',1);
INSERT INTO "ProductToAttribute" VALUES(5,'1',1);
INSERT INTO "ProductToAttribute" VALUES(6,'1',1);
INSERT INTO "ProductToAttribute" VALUES(7,'1',1);
INSERT INTO "ProductToAttribute" VALUES(8,'1',1);
INSERT INTO "ProductToAttribute" VALUES(9,'1',1);
INSERT INTO "ProductToAttribute" VALUES(10,'1',1);
INSERT INTO "ProductToAttribute" VALUES(11,'1',1);
INSERT INTO "ProductToAttribute" VALUES(12,'1',1);
INSERT INTO "ProductToAttribute" VALUES(13,'4',1);
INSERT INTO "ProductToAttribute" VALUES(14,'4',1);
INSERT INTO "ProductToAttribute" VALUES(15,'4',1);
INSERT INTO "ProductToAttribute" VALUES(13,'3',1);
INSERT INTO "ProductToAttribute" VALUES(14,'3',1);
INSERT INTO "ProductToAttribute" VALUES(15,'3',1);
INSERT INTO "ProductToAttribute" VALUES(13,'1',1);
INSERT INTO "ProductToAttribute" VALUES(14,'1',1);
INSERT INTO "ProductToAttribute" VALUES(15,'1',1);
INSERT INTO "ProductToAttribute" VALUES(16,'4',1);
INSERT INTO "ProductToAttribute" VALUES(17,'4',1);
INSERT INTO "ProductToAttribute" VALUES(18,'4',1);
INSERT INTO "ProductToAttribute" VALUES(19,'4',1);
INSERT INTO "ProductToAttribute" VALUES(20,'4',1);
INSERT INTO "ProductToAttribute" VALUES(21,'4',1);
INSERT INTO "ProductToAttribute" VALUES(22,'4',1);
INSERT INTO "ProductToAttribute" VALUES(23,'4',1);
INSERT INTO "ProductToAttribute" VALUES(24,'4',1);
INSERT INTO "ProductToAttribute" VALUES(16,'3',1);
INSERT INTO "ProductToAttribute" VALUES(17,'3',1);
INSERT INTO "ProductToAttribute" VALUES(18,'3',1);
INSERT INTO "ProductToAttribute" VALUES(19,'3',1);
INSERT INTO "ProductToAttribute" VALUES(20,'3',1);
INSERT INTO "ProductToAttribute" VALUES(21,'3',1);
INSERT INTO "ProductToAttribute" VALUES(22,'3',1);
INSERT INTO "ProductToAttribute" VALUES(23,'3',1);
INSERT INTO "ProductToAttribute" VALUES(24,'3',1);
INSERT INTO "ProductToAttribute" VALUES(16,'1',1);
INSERT INTO "ProductToAttribute" VALUES(17,'1',1);
INSERT INTO "ProductToAttribute" VALUES(18,'1',1);
INSERT INTO "ProductToAttribute" VALUES(19,'1',1);
INSERT INTO "ProductToAttribute" VALUES(20,'1',1);
INSERT INTO "ProductToAttribute" VALUES(21,'1',1);
INSERT INTO "ProductToAttribute" VALUES(22,'1',1);
INSERT INTO "ProductToAttribute" VALUES(23,'1',1);
INSERT INTO "ProductToAttribute" VALUES(24,'1',1);
INSERT INTO "ProductToAttribute" VALUES(25,'3',1);
INSERT INTO "ProductToAttribute" VALUES(26,'3',1);
INSERT INTO "ProductToAttribute" VALUES(27,'3',1);
INSERT INTO "ProductToAttribute" VALUES(28,'3',1);
INSERT INTO "ProductToAttribute" VALUES(29,'3',1);
INSERT INTO "ProductToAttribute" VALUES(30,'3',1);
INSERT INTO "ProductToAttribute" VALUES(31,'3',1);
INSERT INTO "ProductToAttribute" VALUES(32,'3',1);
INSERT INTO "ProductToAttribute" VALUES(33,'3',1);
INSERT INTO "ProductToAttribute" VALUES(25,'1',1);
INSERT INTO "ProductToAttribute" VALUES(26,'1',1);
INSERT INTO "ProductToAttribute" VALUES(27,'1',1);
INSERT INTO "ProductToAttribute" VALUES(28,'1',1);
INSERT INTO "ProductToAttribute" VALUES(29,'1',1);
INSERT INTO "ProductToAttribute" VALUES(30,'1',1);
INSERT INTO "ProductToAttribute" VALUES(31,'1',1);
INSERT INTO "ProductToAttribute" VALUES(32,'1',1);
INSERT INTO "ProductToAttribute" VALUES(33,'1',1);
INSERT INTO "ProductToAttribute" VALUES(25,'2',1);
INSERT INTO "ProductToAttribute" VALUES(26,'2',1);
INSERT INTO "ProductToAttribute" VALUES(27,'2',1);
INSERT INTO "ProductToAttribute" VALUES(28,'2',1);
INSERT INTO "ProductToAttribute" VALUES(29,'2',1);
INSERT INTO "ProductToAttribute" VALUES(30,'2',1);
INSERT INTO "ProductToAttribute" VALUES(31,'2',1);
INSERT INTO "ProductToAttribute" VALUES(32,'2',1);
INSERT INTO "ProductToAttribute" VALUES(33,'2',1);
INSERT INTO "ProductToAttribute" VALUES(47,'1',1);
INSERT INTO "ProductToAttribute" VALUES(48,'4',1);
INSERT INTO "ProductToAttribute" VALUES(48,'1',1);
INSERT INTO "ProductToAttribute" VALUES(49,'4',1);
INSERT INTO "ProductToAttribute" VALUES(49,'1',1);
INSERT INTO "ProductToAttribute" VALUES(50,'4',1);
INSERT INTO "ProductToAttribute" VALUES(50,'1',1);
INSERT INTO "ProductToAttribute" VALUES(51,'4',1);
INSERT INTO "ProductToAttribute" VALUES(51,'1',1);
INSERT INTO "ProductToAttribute" VALUES(52,'4',1);
INSERT INTO "ProductToAttribute" VALUES(52,'1',1);
INSERT INTO "ProductToAttribute" VALUES(52,'3',1);
DROP TABLE IF EXISTS "ReverseAttribute";
CREATE TABLE `ReverseAttribute` (`reverseAttrId` INTEGER primary key autoincrement, `OrderProcessModeId` INTEGER ,`traceNo` VARCHAR , `authorizationNo` VARCHAR, `price` VARCHAR, `reason` VARCHAR, `icf55` BLOB, `icf55len` INTEGER, `icpan` VARCHAR, `icdate` VARCHAR, `iccsn` VARCHAR);
DROP TABLE IF EXISTS "Settings";
CREATE TABLE `Settings` (`cynovoServerDomain` CHAR, `cynovoServerPort` CHAR, `cardInfoLinkIP` CHAR, `cardInfoLinkPort` CHAR, `serialNumber` CHAR, `traceNo` CHAR);
INSERT INTO "Settings" VALUES('192.168.1.20','80','211.147.64.198','5801','000001','000001');
DROP TABLE IF EXISTS "Store";
CREATE TABLE `Store` (`storeID` INTEGER,`storeName` VARCHAR, `storeAddressID` INTEGER, `storePhoto` INTEGER, `companyAddressID` INTEGER,`companyName` VARCHAR, `companyPhoto` VARCHAR, `nickName` VARCHAR, `address` VARCHAR,`companyAddress` VARCHAR);
INSERT INTO "Store" VALUES(0,'',0,'',0,'','','','','');
DROP TABLE IF EXISTS "android_metadata";
CREATE TABLE android_metadata (locale TEXT);
INSERT INTO "android_metadata" VALUES('zh_CN');
DROP TABLE IF EXISTS "card";
CREATE TABLE `card` (`id` INTEGER PRIMARY KEY  AUTOINCREMENT  NOT NULL , `card_no` VARCHAR NOT NULL , `member_no` INTEGER NOT NULL , `type_id` INTEGER, `balance` FLOAT, `onsale` FLOAT, `dead_line` DATETIME, `remark` VARCHAR);
DROP TABLE IF EXISTS "membership";
CREATE TABLE `membership` (`card_no` INTEGER PRIMARY KEY  NOT NULL , `shop_id` INTEGER NOT NULL , `name` VARCHAR NOT NULL , `phone` VARCHAR NOT NULL  UNIQUE );